ID,BA.1,effect1,Delta,effect2
1,V59F K110M N1071K,-1.7235,A1018T,0.3281
2,K199R E337K C746Y,-1.2754,M738K I1214T,0
3,I1222V,-1.8449,S512T K984Q K1036R E1090K,-0.4249
4,D77N V702I S1249G,-1.0579,T521N A843V E1180Q,-0.1477
5,D135R F368H D1162N,-1.4348,D138H T305N N438L A850T,0
6,V442M,0,T76H A520S,0.0499
7,,-0.0728,K415I Y487F I567L S927F T1025M,0.179
8,S57F L818V K1188G,0.1054,S98N L117R L291P L550I A843S,-0.205
9,G444S V594L,-1.8888,L174P G182D,-0.4495
10,R495E A1017S D1160A,-0.9719,Q675E,-1.7764
11,S95Y A843V,-1.2776,L1002S T1115I,0.0252
12,S24K,0,N186K V318F N437L N677P,-0.2529
13,L452F,-0.3674,N499L K833T A890T Q952K,0.2165
14,N1020S P1066S G1216*,0.3729,D213C S252A N554K V974A,0.1247
15,G258H,0.2847,Y363S L1061E V1066G,-1.4666
16,Q674M T675S G882S,-0.1,D80A N437L A844D A877S,-1.4714
17,L173Q D1160E,0.0542,C359T,0.1883
18,A64G K944R,0.2194,T76H P489L V633I,0.0069
19,E278K,0.1878,,0.0509
20,S252A D1160V,-0.2993,A67F Q269E,0.5446
21,E93L V1130A,0.1264,D251N R565G T939I,-1.4618
22,S43W H46C Q49E H622Q V823L,-0.4057,C136G G259S N656Y V1187I,0
23,A650V P859A G1121R,-0.5931,D213T A342T R452G,-0.5057
24,A1018T,-0.0934,N17S T29S T313I K1036R T1115L,-0.3059
25,S1236N,-0.0244,T391A H653P D1116F N1123D,-1.2922
