seqName,errors,warnings,failedGenes
USA/MD-CDC-ASC210277356/2021,,,
GHA/1651_S3/2020,,,
England/MILK-1567218/2021,,,
Estonia/Cov0319/2020,,,
Iceland/1173/2020,,,
EGY/CUNCI-HGC09I030/2020,,,
NZL/20CV0589/2020,,,
AUS/VIC3454/2020,,,
USA/JDYI/2020,,,
FRA/IHUCOVID-036058-NovaE/2021,,,
England/MILK-BDC2A2/2020,,,
BRA/PR-NVBS936GENOV827686254257/2021,,,
USA/CA-CDC-QDX26400331/2021,,,
England/MILK-1564EF9/2021,,,
USA/CA-CZB-22906/2021,,,
England/CAMC-1395ED3/2021,,,
USA/GU-CDC-2-3906074/2021,,,
USA/NY-CDC-LC0031214/2021,,,
Switzerland/ZH-UZH-IMV-3ba4d945/2021,,,
USA/FL-CDC-FG-022848/2021,,,
USA/FL-CDC-QDX26157271/2021,,,
England/QEUH-173F5F0/2021,,,
Switzerland/AG-ETHZ-35947998/2022,,,
Denmark/DCGC-323445/2022,,,
USA/PA-CDC-QDX34289597/2022,,,
USA/NC-CDC-LC0597531/2022,,,
BHR/22920323375_S6_L001/2022,,,
USA/RI-CDC-LC0586837/2022,,,
